id,customer_id,street,city,region,country,zipcode
1,1,137 Teaticket Hwy,East Falmouth,MA,US,2536
2,1,145 Kelley Blvd,Millbrook,AL,US,36054
3,1,6438 Basile Rowe,East Syracuse,NY,US,13057
4,1,101 Sanford Farm Shpg Center,Amsterdam,NY,US,12010
5,2,506 State Road,North Dartmouth,MA,US,2747
6,2,101 South Beltline Highway,Mobile,AL,US,36606
7,2,1300 Gilmer Ave,Tallassee,AL,US,36078
8,2,250 Hartford Avenue,Bellingham,MA,US,2019
9,3,150 Barnum Avenue Cutoff,Stratford,CT,US,6614
10,3,297 Grant Avenue,Auburn,NY,US,13021
11,3,13858 Rt 31 W,Albion,NY,US,14411
12,3,209 Lakeshore Parkway,Homewood,AL,US,35209
13,4,1415 7Th Street South,Clanton,AL,US,35045
14,4,5399 W Genesse St,Camillus,NY,US,13031
15,4,24833 Johnt Reidprkw,Scottsboro,AL,US,35768
16,5,1818 State Route 3,Fulton,NY,US,13069
17,5,1608 W Magnolia Ave,Geneva,AL,US,36340
18,6,6495 Atlanta Hwy,Montgomery,AL,US,36117
19,6,301 Massachusetts Ave,Lunenburg,MA,US,1462
20,6,2453 2Nd Avenue East,Oneonta,AL,US,35121
21,6,4975 Transit Rd,Lancaster,NY,US,14086
22,6,780 Lynnway,Lynn,MA,US,1905
23,7,70 Pleasant Valley Street,Methuen,MA,US,1844
24,7,6265 Brockport Spencerport Rd,Brockport,NY,US,14420
25,7,16077 Highway 280,Chelsea,AL,US,35043
26,7,5560 Mcclellan Blvd,Anniston,AL,US,36206
27,7,288 Larkin,Monroe,NY,US,10950
28,8,2 Gannett Dr,Johnson City,NY,US,13790
29,8,1972 Hwy 431,Boaz,AL,US,35957
30,8,650 Main Ave,Norwalk,CT,US,6851
31,8,9248 Parkway East,Birmingham,AL,US,35206
32,9,555 East Main St,Orange,MA,US,1364
33,9,420 Buckland Hills Dr,Manchester,CT,US,6040
34,9,155 Waterford Parkway No,Waterford,CT,US,6385
35,9,25737 US Rt 11,Evans Mills,NY,US,13637
36,10,330 Sutton Rd,Huntsville,AL,US,35763
37,10,100 Elm Ridge Center Dr,Greece,NY,US,14626
38,10,5245 Rangeline Service Rd,Mobile,AL,US,36619
39,10,3018 East Ave,Central Square,NY,US,13036
40,11,161 Berlin Road,Cromwell,CT,US,6416
41,11,165 Vaughan Ln,Pell City,AL,US,35125
42,11,2643 Hwy 280 West,Alexander City,AL,US,35010
43,12,16077 Highway 280,Chelsea,AL,US,35043
44,12,337 Russell St,Hadley,MA,US,1035
45,12,100 Elm Ridge Center Dr,Greece,NY,US,14626
46,12,24833 Johnt Reidprkw,Scottsboro,AL,US,35768
47,13,6350 Cottage Hill Road,Mobile,AL,US,36609
48,13,2900 Pepperrell Pkwy,Opelika,AL,US,36801
49,13,55 Brooksby Village Way,Danvers,MA,US,1923
50,13,2181 Pelham Pkwy,Pelham,AL,US,35124
51,13,1801 Hwy 78 East,Jasper,AL,US,35501
52,14,150 Barnum Avenue Cutoff,Stratford,CT,US,6614
53,14,1400 County Rd 64,Horseheads,NY,US,14845
54,14,70 Pleasant Valley Street,Methuen,MA,US,1844
55,14,1470 S Washington St,North Attleboro,MA,US,2760
56,15,700 Oak Street,Brockton,MA,US,2301
57,15,5399 W Genesse St,Camillus,NY,US,13031
58,16,1970 S University Blvd,Mobile,AL,US,36609
59,16,4206 N College Ave,Jackson,AL,US,36545
60,17,5710 Mcfarland Blvd,Northport,AL,US,35476
61,17,100 Charlton Road,Sturbridge,MA,US,1566
62,17,170 Fort Morgan Road,Gulf Shores,AL,US,36542
63,18,5919 Trussville Crossings Pkwy,Birmingham,AL,US,35235
64,18,5710 Mcfarland Blvd,Northport,AL,US,35476
65,18,2041 Douglas Avenue,Brewton,AL,US,36426
66,19,1600 Montclair Rd,Birmingham,AL,US,35210
67,19,4975 Transit Rd,Lancaster,NY,US,14086
68,19,2900 Pepperrell Pkwy,Opelika,AL,US,36801
69,20,80 Town Line Rd,Rocky Hill,CT,US,6067
70,21,680 Connecticut Avenue,Norwalk,CT,US,6854
71,21,1970 S University Blvd,Mobile,AL,US,36609
72,21,540 West Bypass,Andalusia,AL,US,36420
73,22,164 Danbury Rd,New Milford,CT,US,6776
74,22,1365 Boston Post Road,Milford,CT,US,6460
75,22,41301 US Hwy 280,Sylacauga,AL,US,35150
76,23,680 Connecticut Avenue,Norwalk,CT,US,6854
77,23,1007 Red Farmer Drive,Hueytown,AL,US,35023
78,23,5245 Rangeline Service Rd,Mobile,AL,US,36619
79,23,2800 Spring Avn SW,Decatur,AL,US,35603
80,23,901 Route 110,Farmingdale,NY,US,11735
81,24,2453 2Nd Avenue East,Oneonta,AL,US,35121
82,24,591 Memorial Dr,Chicopee,MA,US,1020
83,24,350 E Fairmount Ave,Lakewood,NY,US,14750
84,25,2575 Us Hwy 43,Winfield,AL,US,35594
85,25,67 Newton Rd,Danbury,CT,US,6810
86,26,137 Teaticket Hwy,East Falmouth,MA,US,2536
87,26,6265 Brockport Spencerport Rd,Brockport,NY,US,14420
88,26,973 Gilbert Ferry Road Se,Attalla,AL,US,35954
89,26,515 Sawmill Road,West Haven,CT,US,6516
90,27,2575 Us Hwy 43,Winfield,AL,US,35594
91,27,34301 Hwy 43,Thomasville,AL,US,36784
92,27,969 Us Hwy 80 West,Demopolis,AL,US,36732
93,27,30 Catskill,Catskill,NY,US,12414
94,28,141 Washington Ave Extension,Albany,NY,US,12205
95,29,36 Paramount Drive,Raynham,MA,US,2767
96,30,7155 State Rt 12 S,Lowville,NY,US,13367
97,30,2181 Pelham Pkwy,Pelham,AL,US,35124
98,30,330 Sutton Rd,Huntsville,AL,US,35763
99,30,750 Academy Drive,Bessemer,AL,US,35022
100,31,164 Danbury Rd,New Milford,CT,US,6776
101,31,1916 Center Point Rd,Center Point,AL,US,35215
102,31,677 Timpany Blvd,Gardner,MA,US,1440
103,32,30 Catskill,Catskill,NY,US,12414
104,32,200 Otis Street,Northborough,MA,US,1532
105,32,42 Fairhaven Commons Way,Fairhaven,MA,US,2719
106,32,315 Foxon Blvd,New Haven,CT,US,6513
107,32,42 Fairhaven Commons Way,Fairhaven,MA,US,2719
108,33,295 Plymouth Street,Halifax,MA,US,2338
109,33,650 Main Ave,Norwalk,CT,US,6851
110,33,1000 State Route 36,Hornell,NY,US,14843
111,34,5335 Hwy 280 South,Hoover,AL,US,35242
112,34,777 Brockton Avenue,Abington,MA,US,2351
113,35,3100 Hough Rd,Florence,AL,US,35630
114,35,656 New Haven Ave,Derby,CT,US,6418
115,35,200 Otis Street,Northborough,MA,US,1532
116,35,1775 Washington St,Hanover,MA,US,2339
117,36,100 Elm Ridge Center Dr,Greece,NY,US,14626
118,37,1625 Pelham South,Jacksonville,AL,US,36265
119,37,41301 US Hwy 280,Sylacauga,AL,US,35150
120,38,555 Hubbard Ave-Suite 12,Pittsfield,MA,US,1201
121,38,7100 Aaron Aronov Drive,Fairfield,AL,US,35064
122,38,141 Washington Ave Extension,Albany,NY,US,12205
123,38,8650 Madison Blvd,Madison,AL,US,35758
124,39,43 Stephenville St,Massena,NY,US,13662
125,39,311 RT 9W,Glenmont,NY,US,12077
126,39,6140A Univ Drive,Huntsville,AL,US,35806
127,39,41301 US Hwy 280,Sylacauga,AL,US,35150
128,40,1300 Montgomery Highway,Vestavia Hills,AL,US,35216
129,40,27520 Hwy 98,Daphne,AL,US,36526
130,40,515 Sawmill Road,West Haven,CT,US,6516
131,40,100 Thruway Plaza,Cheektowaga,NY,US,14225
132,40,555 Hubbard Ave-Suite 12,Pittsfield,MA,US,1201
133,41,680 Connecticut Avenue,Norwalk,CT,US,6854
134,41,4133 Veterans Memorial Drive,Batavia,NY,US,14020
135,41,279 Troy Road,East Greenbush,NY,US,12061
136,42,700 Oak Street,Brockton,MA,US,2301
137,43,34301 Hwy 43,Thomasville,AL,US,36784
138,43,135 Fairgrounds Memorial Pkwy,Ithaca,NY,US,14850
139,44,2181 Pelham Pkwy,Pelham,AL,US,35124
140,44,42 Fairhaven Commons Way,Fairhaven,MA,US,2719
141,44,650 Main Ave,Norwalk,CT,US,6851
142,45,517 West Avalon Ave,Muscle Shoals,AL,US,35661
143,45,550 Providence Hwy,Walpole,MA,US,2081
144,45,4133 Veterans Memorial Drive,Batavia,NY,US,14020
145,45,1501 Skyland Blvd E,Tuscaloosa,AL,US,35405
146,45,13858 Rt 31 W,Albion,NY,US,14411
147,46,830 Curran Memorial Hwy,North Adams,MA,US,1247
148,46,4765 Commercial Drive,New Hartford,NY,US,13413
149,47,777 Brockton Avenue,Abington,MA,US,2351
150,47,85 Crooked Hill Road,Commack,NY,US,11725
151,47,24833 Johnt Reidprkw,Scottsboro,AL,US,35768
152,47,1415 7Th Street South,Clanton,AL,US,35045
153,48,4300 Lakeville Road,Geneseo,NY,US,14454
154,48,3100 Hough Rd,Florence,AL,US,35630
155,49,474 Boston Post Road,North Windham,CT,US,6256
156,49,145 Kelley Blvd,Millbrook,AL,US,36054
157,49,30 Catskill,Catskill,NY,US,12414
158,50,1201 Rt 300,Newburgh,NY,US,12550
159,50,1007 Red Farmer Drive,Hueytown,AL,US,35023
160,50,970 Torringford Street,Torrington,CT,US,6790
161,50,3700 Hwy 280-431 N,Phenix City,AL,US,36867
162,51,150 Springville Station Blvd,Springville,AL,US,35146
163,51,150 Gold Star Hwy,Groton,CT,US,6340
164,51,30 Memorial Drive,Avon,MA,US,2322
165,51,750 Academy Drive,Bessemer,AL,US,35022
166,51,100 Charlton Road,Sturbridge,MA,US,1566
167,52,1818 State Route 3,Fulton,NY,US,13069
168,52,1916 Center Point Rd,Center Point,AL,US,35215
169,52,742 Main Street,North Oxford,MA,US,1537
170,53,25737 US Rt 11,Evans Mills,NY,US,13637
171,54,470 Route 211 East,Middletown,NY,US,10940
172,54,1501 Skyland Blvd E,Tuscaloosa,AL,US,35405
173,54,13675 Hwy 43,Russellville,AL,US,35653
174,54,4300 Lakeville Road,Geneseo,NY,US,14454
175,54,1801 Hwy 78 East,Jasper,AL,US,35501
176,55,312 Palisades Blvd,Birmingham,AL,US,35209
177,56,11697 US Hwy 431,Guntersville,AL,US,35976
178,57,120 Commercial Parkway,Branford,CT,US,6405
179,57,2041 Douglas Avenue,Brewton,AL,US,36426
180,58,990 Route 5 20,Geneva,NY,US,14456
181,58,844 No Colony Road,Wallingford,CT,US,6492
182,58,7155 State Rt 12 S,Lowville,NY,US,13367
183,59,161 Centereach Mall,Centereach,NY,US,11720
184,60,1105 Boston Road,Springfield,MA,US,1119
185,60,42417 Hwy 195,Haleyville,AL,US,35565
186,60,5033 Transit Road,Clarence,NY,US,14031
187,61,1950 W Main St,Centre,AL,US,35960
188,62,7100 Aaron Aronov Drive,Fairfield,AL,US,35064
189,62,301 Falls Blvd,Quincy,MA,US,2169
190,62,36 Paramount Drive,Raynham,MA,US,2767
191,63,4975 Transit Rd,Lancaster,NY,US,14086
192,63,121 Worcester Rd,Framingham,MA,US,1701
193,64,742 Main Street,North Oxford,MA,US,1537
194,64,66-4 Parkhurst Rd,Chelmsford,MA,US,1824
195,64,2400 Route 9,Fishkill,NY,US,12524
196,65,155 Waterford Parkway No,Waterford,CT,US,6385
197,66,890 Odum Road,Gardendale,AL,US,35071
198,66,844 No Colony Road,Wallingford,CT,US,6492
199,66,625 School Street,Putnam,CT,US,6260
200,66,2465 Hempstead Turnpike,East Meadow,NY,US,11554
201,67,4300 Lakeville Road,Geneseo,NY,US,14454
202,67,3300 South Oates Street,Dothan,AL,US,36301
203,67,337 Russell St,Hadley,MA,US,1035
204,68,214 Haynes Street,Talladega,AL,US,35160
205,68,2400 Route 9,Fishkill,NY,US,12524
206,68,601 Frank Stottile Blvd,Kingston,NY,US,12401
207,68,1501 Skyland Blvd E,Tuscaloosa,AL,US,35405
208,69,1537 Hwy 231 South,Ozark,AL,US,36360
209,69,1415 7Th Street South,Clanton,AL,US,35045
210,69,1201 Hwy 31 NW,Hartselle,AL,US,35640
211,69,1600 Montclair Rd,Birmingham,AL,US,35210
212,69,16077 Highway 280,Chelsea,AL,US,35043
213,70,155 Waterford Parkway No,Waterford,CT,US,6385
214,70,2200 Sparkman Drive,Huntsville,AL,US,35810
215,71,214 Haynes Street,Talladega,AL,US,35160
216,72,625 School Street,Putnam,CT,US,6260
217,72,2780 John Hawkins Pkwy,Hoover,AL,US,35244
218,72,1415 7Th Street South,Clanton,AL,US,35045
219,73,220 Salem Turnpike,Norwich,CT,US,6360
220,74,515 Sawmill Road,West Haven,CT,US,6516
221,75,1365 Boston Post Road,Milford,CT,US,6460
222,75,30 Memorial Drive,Avon,MA,US,2322
223,75,6495 Atlanta Hwy,Montgomery,AL,US,36117
224,76,220 Salem Turnpike,Norwich,CT,US,6360
225,76,495 Flatbush Ave,Hartford,CT,US,6106
226,77,1706 Military Street South,Hamilton,AL,US,35570
227,77,6265 Brockport Spencerport Rd,Brockport,NY,US,14420
228,77,5245 Rangeline Service Rd,Mobile,AL,US,36619
229,77,830 Curran Memorial Hwy,North Adams,MA,US,1247
230,78,450 Highland Ave,Salem,MA,US,1970
231,79,30 Catskill,Catskill,NY,US,12414
232,79,41 Anawana Lake Road,Monticello,NY,US,12701
233,79,700 Oak Street,Brockton,MA,US,2301
234,80,3191 County rd 10,Canandaigua,NY,US,14424
235,80,3133 E Main St,Mohegan Lake,NY,US,10547
236,80,2 Gannett Dr,Johnson City,NY,US,13790
237,80,20 Soojian Dr,Leicester,MA,US,1524
238,80,5360 Southwestern Blvd,Hamburg,NY,US,14075
239,81,1201 Hwy 31 NW,Hartselle,AL,US,35640
240,81,750 Academy Drive,Bessemer,AL,US,35022
241,82,1903 Cobbs Ford Rd,Prattville,AL,US,36066
242,83,8551 Whitfield Ave,Leeds,AL,US,35094
243,83,101 South Beltline Highway,Mobile,AL,US,36606
244,84,910 Wolcott St,Waterbury,CT,US,6705
245,84,250 Hartford Avenue,Bellingham,MA,US,2019
246,84,1801 Hwy 78 East,Jasper,AL,US,35501
247,84,161 Centereach Mall,Centereach,NY,US,11720
248,84,3018 East Ave,Central Square,NY,US,13036
249,85,11 Jungle Road,Leominster,MA,US,1453
250,85,150 Barnum Avenue Cutoff,Stratford,CT,US,6614
251,85,8064 Brewerton Rd,Cicero,NY,US,13039
252,85,1501 Hwy 14 East,Selma,AL,US,36703
253,85,1600 Montclair Rd,Birmingham,AL,US,35210
254,86,4538 Us Hwy 231,Wetumpka,AL,US,36092
255,86,700 Oak Street,Brockton,MA,US,2301
256,86,330 Sutton Rd,Huntsville,AL,US,35763
257,86,517 West Avalon Ave,Muscle Shoals,AL,US,35661
258,86,214 Haynes Street,Talladega,AL,US,35160
259,87,8650 Madison Blvd,Madison,AL,US,35758
260,87,5783 So Transit Road,Lockport,NY,US,14094
261,87,2055 Niagara Falls Blvd,Amherst,NY,US,14228
262,88,1007 Red Farmer Drive,Hueytown,AL,US,35023
263,88,330 Sutton Rd,Huntsville,AL,US,35763
264,88,4180 Us Hwy 431,Roanoke,AL,US,36274
265,88,5560 Mcclellan Blvd,Anniston,AL,US,36206
266,88,6495 Atlanta Hwy,Montgomery,AL,US,36117
267,89,67 Newton Rd,Danbury,CT,US,6810
268,89,41 Anawana Lake Road,Monticello,NY,US,12701
269,89,1501 Hwy 14 East,Selma,AL,US,36703
270,90,2453 2Nd Avenue East,Oneonta,AL,US,35121
271,91,450 Highland Ave,Salem,MA,US,1970
272,91,1105 Boston Road,Springfield,MA,US,1119
273,91,677 Timpany Blvd,Gardner,MA,US,1440
274,91,374 William S Canning Blvd,Fall River,MA,US,2721
275,91,10401 Bennett Road,Fredonia,NY,US,14063
276,92,5360 Southwestern Blvd,Hamburg,NY,US,14075
277,92,11697 US Hwy 431,Guntersville,AL,US,35976
278,92,10710 Chantilly Pkwy,Montgomery,AL,US,36117
279,92,2465 Hempstead Turnpike,East Meadow,NY,US,11554
280,92,67 Newton Rd,Danbury,CT,US,6810
281,93,550 Providence Hwy,Walpole,MA,US,2081
282,94,7855 Moffett Rd,Semmes,AL,US,36575
283,95,830 Curran Memorial Hwy,North Adams,MA,US,1247
284,95,555 Hubbard Ave-Suite 12,Pittsfield,MA,US,1201
285,95,155 Waterford Parkway No,Waterford,CT,US,6385
286,96,5710 Mcfarland Blvd,Northport,AL,US,35476
287,96,150 Springville Station Blvd,Springville,AL,US,35146
288,97,135 Fairgrounds Memorial Pkwy,Ithaca,NY,US,14850
289,97,4133 Veterans Memorial Drive,Batavia,NY,US,14020
290,97,851 Ann St,Montgomery,AL,US,36107
291,97,41301 US Hwy 280,Sylacauga,AL,US,35150
292,98,2900 Pepperrell Pkwy,Opelika,AL,US,36801
293,98,1501 Hwy 14 East,Selma,AL,US,36703
294,99,1450 No Brindlee Mtn Pkwy,Arab,AL,US,35016
295,99,555 Hubbard Ave-Suite 12,Pittsfield,MA,US,1201
296,99,2575 Us Hwy 43,Winfield,AL,US,35594
297,99,262 Swansea Mall Dr,Swansea,MA,US,2777
298,100,10401 Bennett Road,Fredonia,NY,US,14063
299,100,4538 Us Hwy 231,Wetumpka,AL,US,36092
300,101,7155 State Rt 12 S,Lowville,NY,US,13367
301,101,3005 Cranberry Hwy Rt 6 28,Wareham,MA,US,2538
302,102,2465 Hempstead Turnpike,East Meadow,NY,US,11554
303,102,312 Palisades Blvd,Birmingham,AL,US,35209
304,102,255 W Main St,Avon,CT,US,6001
305,103,5245 Rangeline Service Rd,Mobile,AL,US,36619
306,103,2400 Route 9,Fishkill,NY,US,12524
307,103,24833 Johnt Reidprkw,Scottsboro,AL,US,35768
308,103,16077 Highway 280,Chelsea,AL,US,35043
309,104,2055 Niagara Falls Blvd,Amherst,NY,US,14228
310,104,1549 Rt 9,Halfmoon,NY,US,12065
311,104,141 Washington Ave Extension,Albany,NY,US,12205
312,105,655 Boston Post Rd,Old Saybrook,CT,US,6475
313,105,10710 Chantilly Pkwy,Montgomery,AL,US,36117
314,105,7855 Moffett Rd,Semmes,AL,US,36575
315,105,3501 20th Av,Valley,AL,US,36854
316,106,540 West Bypass,Andalusia,AL,US,36420
317,106,4180 Us Hwy 431,Roanoke,AL,US,36274
318,107,5100 Hwy 31,Calera,AL,US,35040
319,108,6140A Univ Drive,Huntsville,AL,US,35806
320,109,2900 S Mem PkwyDrake Ave,Huntsville,AL,US,35801
321,109,742 Main Street,North Oxford,MA,US,1537
322,110,30 Catskill,Catskill,NY,US,12414
323,110,1300 Montgomery Highway,Vestavia Hills,AL,US,35216
324,111,517 West Avalon Ave,Muscle Shoals,AL,US,35661
325,111,1625 Pelham South,Jacksonville,AL,US,36265
326,111,41 Anawana Lake Road,Monticello,NY,US,12701
327,111,465 Bridgeport Avenue,Shelton,CT,US,6484
328,112,690 Hwy 78,Sumiton,AL,US,35148
329,113,301 Massachusetts Ave,Lunenburg,MA,US,1462
330,113,80 Town Line Rd,Rocky Hill,CT,US,6067
331,114,579 Troy-Schenectady Road,Latham,NY,US,12110
332,115,100 Thruway Plaza,Cheektowaga,NY,US,14225
333,115,5783 So Transit Road,Lockport,NY,US,14094
334,115,4975 Transit Rd,Lancaster,NY,US,14086
335,115,200 Otis Street,Northborough,MA,US,1532
336,116,27520 Hwy 98,Daphne,AL,US,36526
337,116,830 Curran Memorial Hwy,North Adams,MA,US,1247
338,116,150 Barnum Avenue Cutoff,Stratford,CT,US,6614
339,117,555 Hubbard Ave-Suite 12,Pittsfield,MA,US,1201
340,117,1000 State Route 36,Hornell,NY,US,14843
341,117,2181 Pelham Pkwy,Pelham,AL,US,35124
342,117,5710 Mcfarland Blvd,Northport,AL,US,35476
343,117,66-4 Parkhurst Rd,Chelmsford,MA,US,1824
344,118,591 Memorial Dr,Chicopee,MA,US,1020
345,118,3133 E Main St,Mohegan Lake,NY,US,10547
346,118,1300 Montgomery Highway,Vestavia Hills,AL,US,35216
347,118,288 Larkin,Monroe,NY,US,10950
348,118,301 Falls Blvd,Quincy,MA,US,2169
349,119,2300 Dixwell Ave,Hamden,CT,US,6514
350,119,25737 US Rt 11,Evans Mills,NY,US,13637
351,119,4300 Lakeville Road,Geneseo,NY,US,14454
352,119,1549 Rt 9,Halfmoon,NY,US,12065
353,120,1818 State Route 3,Fulton,NY,US,13069
354,120,11697 US Hwy 431,Guntersville,AL,US,35976
355,120,1950 W Main St,Centre,AL,US,35960
356,120,515 Sawmill Road,West Haven,CT,US,6516
357,121,24833 Johnt Reidprkw,Scottsboro,AL,US,35768
358,121,4538 Us Hwy 231,Wetumpka,AL,US,36092
359,122,180 North King Street,Northhampton,MA,US,1060
360,122,2400 Route 9,Fishkill,NY,US,12524
361,122,150 Springville Station Blvd,Springville,AL,US,35146
362,122,27520 Hwy 98,Daphne,AL,US,36526
363,123,250 Hartford Avenue,Bellingham,MA,US,2019
364,124,5919 Trussville Crossings Pkwy,Birmingham,AL,US,35235
365,124,465 Bridgeport Avenue,Shelton,CT,US,6484
366,124,34301 Hwy 43,Thomasville,AL,US,36784
367,124,1201 Hwy 31 NW,Hartselle,AL,US,35640
368,125,515 Sawmill Road,West Haven,CT,US,6516
369,125,506 State Road,North Dartmouth,MA,US,2747
370,125,1095 Industrial Pkwy,Saraland,AL,US,36571
371,126,1450 No Brindlee Mtn Pkwy,Arab,AL,US,35016
372,126,200 Sunrise Mall,Massapequa,NY,US,11758
373,126,3005 Cranberry Hwy Rt 6 28,Wareham,MA,US,2538
374,127,701 Mcmeans Ave,Bay Minette,AL,US,36507
375,127,1011 US Hwy 72 East,Athens,AL,US,35611
376,128,1105 Boston Road,Springfield,MA,US,1119
377,128,3176 South Eufaula Avenue,Eufaula,AL,US,36027
378,128,25737 US Rt 11,Evans Mills,NY,US,13637
379,128,1903 Cobbs Ford Rd,Prattville,AL,US,36066
380,128,3191 County rd 10,Canandaigua,NY,US,14424
381,129,100 Thruway Plaza,Cheektowaga,NY,US,14225
382,129,1011 US Hwy 72 East,Athens,AL,US,35611
383,129,41301 US Hwy 280,Sylacauga,AL,US,35150
384,129,656 New Haven Ave,Derby,CT,US,6418
385,129,3300 South Oates Street,Dothan,AL,US,36301
386,130,2800 Spring Avn SW,Decatur,AL,US,35603
387,130,66-4 Parkhurst Rd,Chelmsford,MA,US,1824
388,130,420 Buckland Hills Dr,Manchester,CT,US,6040
389,130,9248 Parkway East,Birmingham,AL,US,35206
390,131,72 Main St,North Reading,MA,US,1864
391,131,255 W Main St,Avon,CT,US,6001
392,131,1818 State Route 3,Fulton,NY,US,13069
393,131,5033 Transit Road,Clarence,NY,US,14031
394,131,165 Vaughan Ln,Pell City,AL,US,35125
395,132,2900 Pepperrell Pkwy,Opelika,AL,US,36801
396,132,701 Mcmeans Ave,Bay Minette,AL,US,36507
397,132,3371 S Alabama Ave,Monroeville,AL,US,36460
398,133,900 Boston Post Road,Guilford,CT,US,6437
399,133,141 Washington Ave Extension,Albany,NY,US,12205
400,133,301 Falls Blvd,Quincy,MA,US,2169
401,133,7855 Moffett Rd,Semmes,AL,US,36575
402,133,685 Schillinger Rd,Mobile,AL,US,36695
403,134,214 Haynes Street,Talladega,AL,US,35160
404,134,4133 Veterans Memorial Drive,Batavia,NY,US,14020
405,134,5033 Transit Road,Clarence,NY,US,14031
406,134,555 East Main St,Orange,MA,US,1364
407,134,625 School Street,Putnam,CT,US,6260
408,135,600 Boll Weevil Circle,Enterprise,AL,US,36330
409,136,600 Boll Weevil Circle,Enterprise,AL,US,36330
410,136,3005 Cranberry Hwy Rt 6 28,Wareham,MA,US,2538
411,136,3501 20th Av,Valley,AL,US,36854
412,137,517 West Avalon Ave,Muscle Shoals,AL,US,35661
413,137,8064 Brewerton Rd,Cicero,NY,US,13039
414,138,2643 Hwy 280 West,Alexander City,AL,US,35010
415,138,6438 Basile Rowe,East Syracuse,NY,US,13057
416,138,72 Main St,North Reading,MA,US,1864
417,138,2041 Douglas Avenue,Brewton,AL,US,36426
418,138,295 Plymouth Street,Halifax,MA,US,2338
419,139,301 Massachusetts Ave,Lunenburg,MA,US,1462
420,139,3176 South Eufaula Avenue,Eufaula,AL,US,36027
421,140,311 RT 9W,Glenmont,NY,US,12077
422,140,495 Flatbush Ave,Hartford,CT,US,6106
423,141,42417 Hwy 195,Haleyville,AL,US,35565
424,141,3191 County rd 10,Canandaigua,NY,US,14424
425,141,3164 Berlin Turnpike,Newington,CT,US,6111
426,142,352 Palmer Road,Ware,MA,US,1082
427,143,235 Queen St,Southington,CT,US,6489
428,143,233 5th Ave Ext,Johnstown,NY,US,12095
429,143,742 Main Street,North Oxford,MA,US,1537
430,143,501 Willow Lane,Greenville,AL,US,36037
431,143,830 Curran Memorial Hwy,North Adams,MA,US,1247
432,144,701 Mcmeans Ave,Bay Minette,AL,US,36507
433,144,1801 Hwy 78 East,Jasper,AL,US,35501
434,145,3133 E Main St,Mohegan Lake,NY,US,10547
435,145,5100 Hwy 31,Calera,AL,US,35040
436,145,2001 Glenn Bldv Sw,Fort Payne,AL,US,35968
437,146,20 Soojian Dr,Leicester,MA,US,1524
438,146,2900 S Mem PkwyDrake Ave,Huntsville,AL,US,35801
439,147,1801 Hwy 78 East,Jasper,AL,US,35501
440,148,1903 Cobbs Ford Rd,Prattville,AL,US,36066
441,148,1365 Boston Post Road,Milford,CT,US,6460
442,148,92 Plaza Lane,Oxford,AL,US,36203
443,148,101 Sanford Farm Shpg Center,Amsterdam,NY,US,12010
444,149,3949 Route 31,Clay,NY,US,13041
445,150,540 West Bypass,Andalusia,AL,US,36420
446,150,1300 Gilmer Ave,Tallassee,AL,US,36078
447,150,2055 Niagara Falls Blvd,Amherst,NY,US,14228
448,151,297 Grant Avenue,Auburn,NY,US,13021
449,151,7155 State Rt 12 S,Lowville,NY,US,13367
450,151,579 Troy-Schenectady Road,Latham,NY,US,12110
451,152,2400 Route 9,Fishkill,NY,US,12524
452,153,297 Grant Avenue,Auburn,NY,US,13021
453,153,25737 US Rt 11,Evans Mills,NY,US,13637
454,153,315 Foxon Blvd,New Haven,CT,US,6513
455,153,465 Bridgeport Avenue,Shelton,CT,US,6484
456,153,315 Foxon Blvd,New Haven,CT,US,6513
457,154,295 Plymouth Street,Halifax,MA,US,2338
458,154,2400 Route 9,Fishkill,NY,US,12524
459,154,121 Worcester Rd,Framingham,MA,US,1701
460,155,4310 Montgomery Hwy,Dothan,AL,US,36303
461,155,340 East Meighan Blvd,Gadsden,AL,US,35903
462,155,164 Danbury Rd,New Milford,CT,US,6776
463,155,465 Bridgeport Avenue,Shelton,CT,US,6484
464,155,1000 State Route 36,Hornell,NY,US,14843
465,156,910 Wolcott St,Waterbury,CT,US,6705
466,156,66-4 Parkhurst Rd,Chelmsford,MA,US,1824
467,157,5360 Southwestern Blvd,Hamburg,NY,US,14075
468,158,1201 Hwy 31 NW,Hartselle,AL,US,35640
469,158,141 Washington Ave Extension,Albany,NY,US,12205
470,158,5335 Hwy 280 South,Hoover,AL,US,35242
471,159,141 Washington Ave Extension,Albany,NY,US,12205
472,159,315 Foxon Blvd,New Haven,CT,US,6513
473,159,1600 Montclair Rd,Birmingham,AL,US,35210
474,159,1450 No Brindlee Mtn Pkwy,Arab,AL,US,35016
475,159,262 Swansea Mall Dr,Swansea,MA,US,2777
476,160,780 Lynnway,Lynn,MA,US,1905
477,160,135 Fairgrounds Memorial Pkwy,Ithaca,NY,US,14850
478,160,474 Boston Post Road,North Windham,CT,US,6256
479,160,3100 Hough Rd,Florence,AL,US,35630
480,161,630 Coonial Promenade Pkwy,Alabaster,AL,US,35007
481,161,1095 Industrial Pkwy,Saraland,AL,US,36571
482,161,3176 South Eufaula Avenue,Eufaula,AL,US,36027
483,162,200 Otis Street,Northborough,MA,US,1532
484,162,1608 W Magnolia Ave,Geneva,AL,US,36340
485,162,780 Lynnway,Lynn,MA,US,1905
486,163,750 Academy Drive,Bessemer,AL,US,35022
487,163,288 Larkin,Monroe,NY,US,10950
488,163,27520 Hwy 98,Daphne,AL,US,36526
489,163,101 Sanford Farm Shpg Center,Amsterdam,NY,US,12010
490,164,890 Odum Road,Gardendale,AL,US,35071
491,164,2800 Spring Avn SW,Decatur,AL,US,35603
492,165,1972 Hwy 431,Boaz,AL,US,35957
493,165,1801 Hwy 78 East,Jasper,AL,US,35501
494,165,20 Soojian Dr,Leicester,MA,US,1524
495,166,655 Boston Post Rd,Old Saybrook,CT,US,6475
496,167,1775 Washington St,Hanover,MA,US,2339
497,167,164 Danbury Rd,New Milford,CT,US,6776
498,167,626 Olive Street Sw,Cullman,AL,US,35055
499,167,970 Torringford Street,Torrington,CT,US,6790
500,167,24833 Johnt Reidprkw,Scottsboro,AL,US,35768
501,168,1801 Hwy 78 East,Jasper,AL,US,35501
502,169,680 Connecticut Avenue,Norwalk,CT,US,6854
503,169,626 Olive Street Sw,Cullman,AL,US,35055
504,169,2001 Glenn Bldv Sw,Fort Payne,AL,US,35968
505,170,1903 Cobbs Ford Rd,Prattville,AL,US,36066
506,170,2465 Hempstead Turnpike,East Meadow,NY,US,11554
507,170,1420 Us 231 South,Troy,AL,US,36081
508,170,4206 N College Ave,Jackson,AL,US,36545
509,170,6350 Cottage Hill Road,Mobile,AL,US,36609
510,171,1105 Boston Road,Springfield,MA,US,1119
511,171,1201 Rt 300,Newburgh,NY,US,12550
512,171,540 West Bypass,Andalusia,AL,US,36420
513,172,255 W Main St,Avon,CT,US,6001
514,172,135 Fairgrounds Memorial Pkwy,Ithaca,NY,US,14850
515,172,1706 Military Street South,Hamilton,AL,US,35570
516,172,180 River Rd,Lisbon,CT,US,6351
517,172,750 Academy Drive,Bessemer,AL,US,35022
518,173,1537 Hwy 231 South,Ozark,AL,US,36360
519,174,1501 Hwy 14 East,Selma,AL,US,36703
520,174,1100 New Haven Road,Naugatuck,CT,US,6770
521,174,1775 Washington St,Hanover,MA,US,2339
522,174,297 Grant Avenue,Auburn,NY,US,13021
523,174,10710 Chantilly Pkwy,Montgomery,AL,US,36117
524,175,3133 E Main St,Mohegan Lake,NY,US,10547
525,175,655 Boston Post Rd,Old Saybrook,CT,US,6475
526,175,450 Highland Ave,Salem,MA,US,1970
527,175,5783 So Transit Road,Lockport,NY,US,14094
528,175,100 Thruway Plaza,Cheektowaga,NY,US,14225
529,176,233 5th Ave Ext,Johnstown,NY,US,12095
530,176,121 Worcester Rd,Framingham,MA,US,1701
531,176,161 Berlin Road,Cromwell,CT,US,6416
532,177,30 Memorial Drive,Avon,MA,US,2322
533,178,3164 Berlin Turnpike,Newington,CT,US,6111
534,178,180 River Rd,Lisbon,CT,US,6351
535,178,506 State Road,North Dartmouth,MA,US,2747
536,178,67 Newton Rd,Danbury,CT,US,6810
537,178,352 Palmer Road,Ware,MA,US,1082
538,179,680 Connecticut Avenue,Norwalk,CT,US,6854
539,179,20 Soojian Dr,Leicester,MA,US,1524
540,179,750 Academy Drive,Bessemer,AL,US,35022
541,180,1801 Hwy 78 East,Jasper,AL,US,35501
542,180,8064 Brewerton Rd,Cicero,NY,US,13039
543,181,2055 Niagara Falls Blvd,Amherst,NY,US,14228
544,181,34301 Hwy 43,Thomasville,AL,US,36784
545,181,2900 Pepperrell Pkwy,Opelika,AL,US,36801
546,181,312 Palisades Blvd,Birmingham,AL,US,35209
547,181,34301 Hwy 43,Thomasville,AL,US,36784
548,182,4206 N College Ave,Jackson,AL,US,36545
549,182,30 Memorial Drive,Avon,MA,US,2322
550,182,41 Anawana Lake Road,Monticello,NY,US,12701
551,183,2055 Niagara Falls Blvd,Amherst,NY,US,14228
552,183,10675 Hwy 5,Brent,AL,US,35034
553,183,1470 S Washington St,North Attleboro,MA,US,2760
554,184,5033 Transit Road,Clarence,NY,US,14031
555,184,67 Newton Rd,Danbury,CT,US,6810
556,184,1970 S University Blvd,Mobile,AL,US,36609
557,185,121 Worcester Rd,Framingham,MA,US,1701
558,185,3100 Hough Rd,Florence,AL,US,35630
559,185,890 Odum Road,Gardendale,AL,US,35071
560,186,1549 Rt 9,Halfmoon,NY,US,12065
561,186,2473 Hackworth Road,Adamsville,AL,US,35005
562,186,4310 Montgomery Hwy,Dothan,AL,US,36303
563,187,161 Centereach Mall,Centereach,NY,US,11720
564,187,139 Merchant Place,Cobleskill,NY,US,12043
565,188,100 Charlton Road,Sturbridge,MA,US,1566
566,189,1365 Boston Post Road,Milford,CT,US,6460
567,190,315 Foxon Blvd,New Haven,CT,US,6513
568,190,656 New Haven Ave,Derby,CT,US,6418
569,190,8064 Brewerton Rd,Cicero,NY,US,13039
570,191,1608 W Magnolia Ave,Geneva,AL,US,36340
571,191,1775 Washington St,Hanover,MA,US,2339
572,191,3949 Route 31,Clay,NY,US,13041
573,191,900 Boston Post Road,Guilford,CT,US,6437
574,192,5100 Hwy 31,Calera,AL,US,35040
575,192,656 New Haven Ave,Derby,CT,US,6418
576,192,5033 Transit Road,Clarence,NY,US,14031
577,192,11697 US Hwy 431,Guntersville,AL,US,35976
578,192,655 Boston Post Rd,Old Saybrook,CT,US,6475
579,193,4300 Lakeville Road,Geneseo,NY,US,14454
580,193,474 Boston Post Road,North Windham,CT,US,6256
581,193,5360 Southwestern Blvd,Hamburg,NY,US,14075
582,194,3222 State Rt 11,Malone,NY,US,12953
583,194,150 Springville Station Blvd,Springville,AL,US,35146
584,194,1095 Industrial Pkwy,Saraland,AL,US,36571
585,195,1818 State Route 3,Fulton,NY,US,13069
586,196,2800 Spring Avn SW,Decatur,AL,US,35603
587,196,180 River Rd,Lisbon,CT,US,6351
588,196,3501 20th Av,Valley,AL,US,36854
589,196,100 Elm Ridge Center Dr,Greece,NY,US,14626
590,196,517 West Avalon Ave,Muscle Shoals,AL,US,35661
591,197,742 Main Street,North Oxford,MA,US,1537
592,197,2643 Hwy 280 West,Alexander City,AL,US,35010
593,197,1415 7Th Street South,Clanton,AL,US,35045
594,197,16077 Highway 280,Chelsea,AL,US,35043
595,198,10675 Hwy 5,Brent,AL,US,35034
596,198,2473 Hackworth Road,Adamsville,AL,US,35005
597,198,150 Barnum Avenue Cutoff,Stratford,CT,US,6614
598,198,844 No Colony Road,Wallingford,CT,US,6492
599,198,103 North Caroline St,Herkimer,NY,US,13350
600,199,6265 Brockport Spencerport Rd,Brockport,NY,US,14420
601,200,85 Crooked Hill Road,Commack,NY,US,11725
602,200,66-4 Parkhurst Rd,Chelmsford,MA,US,1824
603,201,337 Russell St,Hadley,MA,US,1035
604,201,301 Massachusetts Ave,Lunenburg,MA,US,1462
605,201,550 Providence Hwy,Walpole,MA,US,2081
606,202,121 Worcester Rd,Framingham,MA,US,1701
607,202,220 Salem Turnpike,Norwich,CT,US,6360
608,203,3133 E Main St,Mohegan Lake,NY,US,10547
609,203,16077 Highway 280,Chelsea,AL,US,35043
610,203,279 Troy Road,East Greenbush,NY,US,12061
611,204,517 West Avalon Ave,Muscle Shoals,AL,US,35661
612,204,655 Boston Post Rd,Old Saybrook,CT,US,6475
613,204,1970 S University Blvd,Mobile,AL,US,36609
614,204,690 Hwy 78,Sumiton,AL,US,35148
615,204,200 Otis Street,Northborough,MA,US,1532
616,205,10710 Chantilly Pkwy,Montgomery,AL,US,36117
617,205,13675 Hwy 43,Russellville,AL,US,35653
618,205,233 5th Ave Ext,Johnstown,NY,US,12095
619,206,233 5th Ave Ext,Johnstown,NY,US,12095
620,206,16077 Highway 280,Chelsea,AL,US,35043
621,207,137 Teaticket Hwy,East Falmouth,MA,US,2536
622,208,1470 S Washington St,North Attleboro,MA,US,2760
623,209,100 Charlton Road,Sturbridge,MA,US,1566
624,210,69 Prospect Hill Road,East Windsor,CT,US,6088
625,210,465 Bridgeport Avenue,Shelton,CT,US,6484
626,210,5335 Hwy 280 South,Hoover,AL,US,35242
627,210,2575 Us Hwy 43,Winfield,AL,US,35594
628,211,85 Crooked Hill Road,Commack,NY,US,11725
629,211,1801 Hwy 78 East,Jasper,AL,US,35501
630,211,5919 Trussville Crossings Pkwy,Birmingham,AL,US,35235
631,211,315 Foxon Blvd,New Haven,CT,US,6513
632,212,80 Town Line Rd,Rocky Hill,CT,US,6067
633,212,4310 Montgomery Hwy,Dothan,AL,US,36303
634,212,677 Timpany Blvd,Gardner,MA,US,1440
635,212,3133 E Main St,Mohegan Lake,NY,US,10547
636,213,601 Frank Stottile Blvd,Kingston,NY,US,12401
637,213,1972 Hwy 431,Boaz,AL,US,35957
638,213,4975 Transit Rd,Lancaster,NY,US,14086
639,214,690 Hwy 78,Sumiton,AL,US,35148
640,214,474 Boston Post Road,North Windham,CT,US,6256
641,214,69 Prospect Hill Road,East Windsor,CT,US,6088
642,214,495 Flatbush Ave,Hartford,CT,US,6106
643,214,85 Crooked Hill Road,Commack,NY,US,11725
644,215,161 Centereach Mall,Centereach,NY,US,11720
645,215,5100 Hwy 31,Calera,AL,US,35040
646,216,41301 US Hwy 280,Sylacauga,AL,US,35150
647,216,2001 Glenn Bldv Sw,Fort Payne,AL,US,35968
648,216,4206 N College Ave,Jackson,AL,US,36545
649,216,7855 Moffett Rd,Semmes,AL,US,36575
650,217,100 Charlton Road,Sturbridge,MA,US,1566
651,217,3018 East Ave,Central Square,NY,US,13036
652,218,161 Centereach Mall,Centereach,NY,US,11720
653,219,6438 Basile Rowe,East Syracuse,NY,US,13057
654,219,4310 Montgomery Hwy,Dothan,AL,US,36303
655,219,630 Coonial Promenade Pkwy,Alabaster,AL,US,35007
656,220,4133 Veterans Memorial Drive,Batavia,NY,US,14020
657,220,701 Mcmeans Ave,Bay Minette,AL,US,36507
658,221,150 Springville Station Blvd,Springville,AL,US,35146
659,221,164 Danbury Rd,New Milford,CT,US,6776
660,222,3133 E Main St,Mohegan Lake,NY,US,10547
661,222,92 Plaza Lane,Oxford,AL,US,36203
662,222,2465 Hempstead Turnpike,East Meadow,NY,US,11554
663,223,1400 Farmington Ave,Bristol,CT,US,6010
664,223,4975 Transit Rd,Lancaster,NY,US,14086
665,223,42417 Hwy 195,Haleyville,AL,US,35565
666,224,1549 Rt 9,Halfmoon,NY,US,12065
667,224,161 Berlin Road,Cromwell,CT,US,6416
668,224,625 School Street,Putnam,CT,US,6260
669,225,311 RT 9W,Glenmont,NY,US,12077
670,225,315 Foxon Blvd,New Haven,CT,US,6513
671,225,11697 US Hwy 431,Guntersville,AL,US,35976
672,226,164 Danbury Rd,New Milford,CT,US,6776
673,226,830 Curran Memorial Hwy,North Adams,MA,US,1247
674,227,1365 Boston Post Road,Milford,CT,US,6460
675,228,901 Route 110,Farmingdale,NY,US,11735
676,228,2041 Douglas Avenue,Brewton,AL,US,36426
677,228,3371 S Alabama Ave,Monroeville,AL,US,36460
678,229,4765 Commercial Drive,New Hartford,NY,US,13413
679,229,6350 Cottage Hill Road,Mobile,AL,US,36609
680,229,3164 Berlin Turnpike,Newington,CT,US,6111
681,230,1706 Military Street South,Hamilton,AL,US,35570
682,230,85 Crooked Hill Road,Commack,NY,US,11725
683,230,301 Massachusetts Ave,Lunenburg,MA,US,1462
684,231,3176 South Eufaula Avenue,Eufaula,AL,US,36027
685,231,374 William S Canning Blvd,Fall River,MA,US,2721
686,231,311 RT 9W,Glenmont,NY,US,12077
687,231,4765 Commercial Drive,New Hartford,NY,US,13413
688,232,297 Grant Avenue,Auburn,NY,US,13021
689,232,3801 Eastern Blvd,Montgomery,AL,US,36116
690,233,4765 Commercial Drive,New Hartford,NY,US,13413
691,233,250 Rt 59,Airmont,NY,US,10901
692,234,30 Memorial Drive,Avon,MA,US,2322
693,234,579 Troy-Schenectady Road,Latham,NY,US,12110
694,234,24833 Johnt Reidprkw,Scottsboro,AL,US,35768
695,234,200 Otis Street,Northborough,MA,US,1532
696,234,844 No Colony Road,Wallingford,CT,US,6492
697,235,901 Route 110,Farmingdale,NY,US,11735
698,235,515 Sawmill Road,West Haven,CT,US,6516
699,235,3222 State Rt 11,Malone,NY,US,12953
700,235,2055 Niagara Falls Blvd,Amherst,NY,US,14228
701,235,777 Brockton Avenue,Abington,MA,US,2351
702,236,101 Sanford Farm Shpg Center,Amsterdam,NY,US,12010
703,237,300 Colony Place,Plymouth,MA,US,2360
704,237,5100 Hwy 31,Calera,AL,US,35040
705,237,6495 Atlanta Hwy,Montgomery,AL,US,36117
706,238,150 Springville Station Blvd,Springville,AL,US,35146
707,238,66-4 Parkhurst Rd,Chelmsford,MA,US,1824
708,238,2 Gannett Dr,Johnson City,NY,US,13790
709,239,1916 Center Point Rd,Center Point,AL,US,35215
710,239,4310 Montgomery Hwy,Dothan,AL,US,36303
711,239,1706 Military Street South,Hamilton,AL,US,35570
712,239,3801 Eastern Blvd,Montgomery,AL,US,36116
713,239,55 Brooksby Village Way,Danvers,MA,US,1923
714,240,25737 US Rt 11,Evans Mills,NY,US,13637
715,240,25737 US Rt 11,Evans Mills,NY,US,13637
716,240,3801 Eastern Blvd,Montgomery,AL,US,36116
717,240,43 Stephenville St,Massena,NY,US,13662
718,240,3191 County rd 10,Canandaigua,NY,US,14424
719,241,1717 South College Street,Auburn,AL,US,36830
720,241,1608 W Magnolia Ave,Geneva,AL,US,36340
721,242,161 Centereach Mall,Centereach,NY,US,11720
722,243,1801 Hwy 78 East,Jasper,AL,US,35501
723,243,1400 Farmington Ave,Bristol,CT,US,6010
724,243,10675 Hwy 5,Brent,AL,US,35034
725,244,3300 South Oates Street,Dothan,AL,US,36301
726,244,2055 Niagara Falls Blvd,Amherst,NY,US,14228
727,244,36 Paramount Drive,Raynham,MA,US,2767
728,244,11610 Memorial Pkwy South,Huntsville,AL,US,35803
729,245,600 Boll Weevil Circle,Enterprise,AL,US,36330
730,245,780 Lynnway,Lynn,MA,US,1905
731,245,1180 Fall River Avenue,Seekonk,MA,US,2771
732,245,27520 Hwy 98,Daphne,AL,US,36526
733,245,13858 Rt 31 W,Albion,NY,US,14411
734,246,2900 Pepperrell Pkwy,Opelika,AL,US,36801
735,247,1007 Red Farmer Drive,Hueytown,AL,US,35023
736,247,301 Falls Blvd,Quincy,MA,US,2169
737,247,161 Centereach Mall,Centereach,NY,US,11720
738,248,72 Main St,North Reading,MA,US,1864
739,248,4310 Montgomery Hwy,Dothan,AL,US,36303
740,249,1903 Cobbs Ford Rd,Prattville,AL,US,36066
741,249,600 Boll Weevil Circle,Enterprise,AL,US,36330
742,249,235 Queen St,Southington,CT,US,6489
743,250,470 Route 211 East,Middletown,NY,US,10940
744,250,311 RT 9W,Glenmont,NY,US,12077
745,251,5783 So Transit Road,Lockport,NY,US,14094
746,251,2200 Sparkman Drive,Huntsville,AL,US,35810
747,251,139 Merchant Place,Cobleskill,NY,US,12043
748,251,279 Troy Road,East Greenbush,NY,US,12061
749,251,67 Newton Rd,Danbury,CT,US,6810
750,252,2181 Pelham Pkwy,Pelham,AL,US,35124
751,253,36 Paramount Drive,Raynham,MA,US,2767
752,253,6140A Univ Drive,Huntsville,AL,US,35806
753,253,340 East Meighan Blvd,Gadsden,AL,US,35903
754,253,5360 Southwestern Blvd,Hamburg,NY,US,14075
755,253,15445 Highway 24,Moulton,AL,US,35650
756,254,2643 Hwy 280 West,Alexander City,AL,US,35010
757,254,425 Route 31,Macedon,NY,US,14502
758,254,2900 S Mem PkwyDrake Ave,Huntsville,AL,US,35801
759,254,655 Boston Post Rd,Old Saybrook,CT,US,6475
760,254,25737 US Rt 11,Evans Mills,NY,US,13637
761,255,24833 Johnt Reidprkw,Scottsboro,AL,US,35768
762,255,24833 Johnt Reidprkw,Scottsboro,AL,US,35768
763,255,2001 Glenn Bldv Sw,Fort Payne,AL,US,35968
764,256,2200 South Mckenzie St,Foley,AL,US,36535
765,256,677 Timpany Blvd,Gardner,MA,US,1440
766,256,1717 South College Street,Auburn,AL,US,36830
767,256,5560 Mcclellan Blvd,Anniston,AL,US,36206
768,257,220 Salem Turnpike,Norwich,CT,US,6360
769,258,262 Swansea Mall Dr,Swansea,MA,US,2777
770,258,250 Hartford Avenue,Bellingham,MA,US,2019
771,259,139 Merchant Place,Cobleskill,NY,US,12043
772,260,55 Brooksby Village Way,Danvers,MA,US,1923
773,260,1365 Boston Post Road,Milford,CT,US,6460
774,260,312 Palisades Blvd,Birmingham,AL,US,35209
775,260,506 State Road,North Dartmouth,MA,US,2747
776,260,6140A Univ Drive,Huntsville,AL,US,35806
777,261,506 State Road,North Dartmouth,MA,US,2747
778,261,655 Boston Post Rd,Old Saybrook,CT,US,6475
779,262,600 Boll Weevil Circle,Enterprise,AL,US,36330
780,262,3949 Route 31,Clay,NY,US,13041
781,262,3018 East Ave,Central Square,NY,US,13036
782,262,8064 Brewerton Rd,Cicero,NY,US,13039
783,263,10675 Hwy 5,Brent,AL,US,35034
784,263,311 RT 9W,Glenmont,NY,US,12077
785,264,8650 Madison Blvd,Madison,AL,US,35758
786,264,13858 Rt 31 W,Albion,NY,US,14411
787,264,164 Danbury Rd,New Milford,CT,US,6776
788,264,1420 Us 231 South,Troy,AL,US,36081
789,264,700 Oak Street,Brockton,MA,US,2301
790,265,3222 State Rt 11,Malone,NY,US,12953
791,266,1400 County Rd 64,Horseheads,NY,US,14845
792,267,1608 W Magnolia Ave,Geneva,AL,US,36340
793,267,10401 Bennett Road,Fredonia,NY,US,14063
794,267,3191 County rd 10,Canandaigua,NY,US,14424
795,268,164 Danbury Rd,New Milford,CT,US,6776
796,268,506 State Road,North Dartmouth,MA,US,2747
797,268,1180 Fall River Avenue,Seekonk,MA,US,2771
798,268,4133 Veterans Memorial Drive,Batavia,NY,US,14020
799,268,1000 State Route 36,Hornell,NY,US,14843
800,269,42417 Hwy 195,Haleyville,AL,US,35565
801,269,5335 Hwy 280 South,Hoover,AL,US,35242
802,269,34301 Hwy 43,Thomasville,AL,US,36784
803,270,2780 John Hawkins Pkwy,Hoover,AL,US,35244
804,271,121 Worcester Rd,Framingham,MA,US,1701
805,271,630 Coonial Promenade Pkwy,Alabaster,AL,US,35007
806,272,11697 US Hwy 431,Guntersville,AL,US,35976
807,272,295 Plymouth Street,Halifax,MA,US,2338
808,272,288 Larkin,Monroe,NY,US,10950
809,272,1470 S Washington St,North Attleboro,MA,US,2760
810,273,7155 State Rt 12 S,Lowville,NY,US,13367
811,273,2575 Us Hwy 43,Winfield,AL,US,35594
812,274,3018 East Ave,Central Square,NY,US,13036
813,275,2 Gannett Dr,Johnson City,NY,US,13790
814,275,43 Stephenville St,Massena,NY,US,13662
815,275,1501 Hwy 14 East,Selma,AL,US,36703
816,276,36 Paramount Drive,Raynham,MA,US,2767
817,276,465 Bridgeport Avenue,Shelton,CT,US,6484
818,276,872 Route 13,Cortlandville,NY,US,13045
819,276,1095 Industrial Pkwy,Saraland,AL,US,36571
820,276,1400 County Rd 64,Horseheads,NY,US,14845
821,277,1717 South College Street,Auburn,AL,US,36830
822,277,2643 Hwy 280 West,Alexander City,AL,US,35010
823,277,4765 Commercial Drive,New Hartford,NY,US,13413
824,278,1201 Hwy 31 NW,Hartselle,AL,US,35640
825,278,100 Thruway Plaza,Cheektowaga,NY,US,14225
826,279,844 No Colony Road,Wallingford,CT,US,6492
827,280,13858 Rt 31 W,Albion,NY,US,14411
828,280,1600 Montclair Rd,Birmingham,AL,US,35210
829,280,2500 Dawes Road,Mobile,AL,US,36695
830,280,8551 Whitfield Ave,Leeds,AL,US,35094
831,280,969 Us Hwy 80 West,Demopolis,AL,US,36732
832,281,301 Massachusetts Ave,Lunenburg,MA,US,1462
833,281,601 Frank Stottile Blvd,Kingston,NY,US,12401
834,281,6140A Univ Drive,Huntsville,AL,US,35806
835,282,780 Lynnway,Lynn,MA,US,1905
836,283,235 Queen St,Southington,CT,US,6489
837,283,780 Lynnway,Lynn,MA,US,1905
838,283,3133 E Main St,Mohegan Lake,NY,US,10547
839,283,465 Bridgeport Avenue,Shelton,CT,US,6484
840,284,141 Washington Ave Extension,Albany,NY,US,12205
841,284,700 Oak Street,Brockton,MA,US,2301
842,284,7100 Aaron Aronov Drive,Fairfield,AL,US,35064
843,284,1105 Boston Road,Springfield,MA,US,1119
844,284,2900 S Mem PkwyDrake Ave,Huntsville,AL,US,35801
845,285,67 Newton Rd,Danbury,CT,US,6810
846,285,145 Kelley Blvd,Millbrook,AL,US,36054
847,285,830 Curran Memorial Hwy,North Adams,MA,US,1247
848,285,3801 Eastern Blvd,Montgomery,AL,US,36116
849,286,830 Curran Memorial Hwy,North Adams,MA,US,1247
850,286,69 Prospect Hill Road,East Windsor,CT,US,6088
851,287,4133 Veterans Memorial Drive,Batavia,NY,US,14020
852,287,969 Us Hwy 80 West,Demopolis,AL,US,36732
853,287,25737 US Rt 11,Evans Mills,NY,US,13637
854,288,1105 Boston Road,Springfield,MA,US,1119
855,288,139 Merchant Place,Cobleskill,NY,US,12043
856,288,101 Sanford Farm Shpg Center,Amsterdam,NY,US,12010
857,288,4310 Montgomery Hwy,Dothan,AL,US,36303
858,289,27520 Hwy 98,Daphne,AL,US,36526
859,289,4133 Veterans Memorial Drive,Batavia,NY,US,14020
860,289,4206 N College Ave,Jackson,AL,US,36545
861,289,4180 Us Hwy 431,Roanoke,AL,US,36274
862,289,579 Troy-Schenectady Road,Latham,NY,US,12110
863,290,150 Springville Station Blvd,Springville,AL,US,35146
864,290,340 East Meighan Blvd,Gadsden,AL,US,35903
865,290,474 Boston Post Road,North Windham,CT,US,6256
866,290,43 Stephenville St,Massena,NY,US,13662
867,291,255 W Main St,Avon,CT,US,6001
868,291,625 School Street,Putnam,CT,US,6260
869,291,8064 Brewerton Rd,Cicero,NY,US,13039
870,291,180 River Rd,Lisbon,CT,US,6351
871,292,209 Lakeshore Parkway,Homewood,AL,US,35209
872,292,214 Haynes Street,Talladega,AL,US,35160
873,292,650 Main Ave,Norwalk,CT,US,6851
874,293,5399 W Genesse St,Camillus,NY,US,13031
875,293,872 Route 13,Cortlandville,NY,US,13045
876,294,72 Main St,North Reading,MA,US,1864
877,294,11 Jungle Road,Leominster,MA,US,1453
878,294,279 Troy Road,East Greenbush,NY,US,12061
879,295,69 Prospect Hill Road,East Windsor,CT,US,6088
880,296,100 Charlton Road,Sturbridge,MA,US,1566
881,296,3949 Route 31,Clay,NY,US,13041
882,296,20 Soojian Dr,Leicester,MA,US,1524
883,296,1501 Hwy 14 East,Selma,AL,US,36703
884,297,1600 Montclair Rd,Birmingham,AL,US,35210
885,297,350 E Fairmount Ave,Lakewood,NY,US,14750
886,298,1095 Industrial Pkwy,Saraland,AL,US,36571
887,299,1300 Gilmer Ave,Tallassee,AL,US,36078
888,299,990 Route 5 20,Geneva,NY,US,14456
889,300,3176 South Eufaula Avenue,Eufaula,AL,US,36027
890,300,2900 Pepperrell Pkwy,Opelika,AL,US,36801
891,300,969 Us Hwy 80 West,Demopolis,AL,US,36732
